{"cameraMode":{"drawMode":0,"name":"Shaded","section":"Shading Mode"},"sceneLighting":true,"audioPlay":false,"sceneViewState":{"showFog":true,"showMaterialUpdate":true,"showSkybox":true,"showFlares":true,"showImageEffects":true,"showParticleSystems":true},"in2DMode":false,"pivot":{"x":-144.4828643798828,"y":-69.0674057006836,"z":-30.791362762451173},"rotation":{"x":-0.17171047627925874,"y":0.6656281352043152,"z":-0.16141249239444734,"w":-0.7080966234207153},"size":165.05738830566407,"orthographic":false}